Review,Rating
절대 안 감,0.0
여기 맛나서 서울여행동안 3번 먹었읍니다........ 뜨끈해서 추울때 먹으니 딱 . 좋더라구여 .ㅋ 김치에 마늘이맛이 많이나요 내스탈 ㅎㅎ 국물이랑 어울려요 마니 파세요,3.5
"예전부터 맛집으로 가던 데였습니다. 명동 식당이라 하면 대다수 상인들이 외국인 지갑에 한 따까리 할려고 등쳐먹는 나쁜 이미지가 강한데 이 집이 최소한 그나마 가성비라는 마지막 인간미는 지켜주는 곳인것 같습니다.

위생으로 욕 먹은 데라는 것도 알고 있지만, 군에서 짬 먹을때도 더럽고 열악한데에서 어떻게든 배고프다고 허겁지겁 먹었는데 그런 힘든때 생각하면 이 칼국수 한그릇은 개꿀 그자체 아니겠습니까?

고기향이 굉장히 진하게 우러나면서 야채까지 불맛으로 어우러지니 중식인가 싶을 정도로 굉장히 묵직한데, 마늘로 무친 김치가 국물의 아쉬운점을 제대로 채워줍니다. 끝없이 달라고 하면 계속 나오는 면과 공기밥은 간에 기별이 안간다는 소리는 쏙 들어가게 해줍니다.

이럼에도 뭔가 모자르다 싶으면 만두 한판 간단하게 시켜서 지인과 나눠먹고, 돌아가는 길에 김치 한포기 정도 사가서 집에 있는 반찬과 같이 먹으면 식당 김치 사서먹는데에 후회를 하지 않는 나 자신을 볼 수 있을겁니다.

무엇보다도 한식을 생각보다 낯설어하는 외국인들, 특히 면에 환장한다는 일본 관광객들이 계속 찾아오는거 보면, 적어도 명동을 대표한다는 말은 틀림없는 사실 아닐까요? 제가 천수를 누려 떠나게 되도 이 집만큼은 계속해서 사람들 곁에 있었으면 합니다
더보기",1.0
